region,total_countries,total_population,avg_population,total_area
Africa,59,1462464411,24787532.389830507,30320633.0
Americas,56,1042579783,18617496.125,42230379.2
Europe,53,741657922,13993545.698113207,23129737.51
Asia,50,4724731966,94494639.32,32053168.0
Oceania,27,48059678,1779988.0740740742,8513684.0
Antarctic,5,1700,340.0,14012111.0
